"recno","Species","Site","Island","Failure","Native","STRatio","Invasiveness2"
673,"Acridotheres_tristis","A","other","1",0,NA,NA
674,"Alauda_arvensis","A","other","1",0,NA,NA
675,"Anas_platyrhynchos","A","other","1",0,NA,NA
676,"Ardeola_ibis","A","other","1",0,NA,NA
677,"Carduelis_carduelis","A","other","1",0,NA,NA
678,"Carduelis_chloris","A","other","1",0,NA,NA
679,"Catreus_wallichii","A","other","1",0,NA,NA
680,"Columba_livia","A","other","1",0,NA,NA
681,"Coturnix_chinensis","A","other","1",0,NA,NA
682,"Cygnus_olor","A","other","1",0,NA,NA
683,"Euplectes_albonotatus","A","other","1",0,NA,NA
684,"Euplectes_orix","A","other","1",0,NA,NA
685,"Lonchura_malacca","A","other","1",0,NA,NA
686,"Lonchura_punctulata","A","other","1",0,NA,NA
687,"Lophortyx_californicus","A","other","1",0,NA,NA
688,"Meleagris_gallopavo","A","other","1",0,NA,NA
689,"Passer_domesticus","A","other","1",0,NA,NA
690,"Passer_montanus","A","other","1",0,NA,NA
691,"Phasianus_colchicus","A","other","1",0,NA,NA
692,"Pycnonotus_jocosus","A","other","1",0,NA,NA
693,"Streptopelia_chinensis","A","other","1",0,NA,NA
694,"Streptopelia_senegalensis","A","other","1",0,NA,NA
695,"Struthio_camelus","A","other","1",0,NA,NA
696,"Sturnus_vulgaris","A","other","1",0,NA,NA
697,"Turdus_merula","A","other","1",0,NA,NA
698,"Turdus_philomelos","A","other","1",0,NA,NA
699,"Tyto_alba","A","other","1",0,NA,NA
700,"Acanthis_cannabina","A","other","0",0,NA,NA
701,"Agapornis_rosiecollis","A","other","0",0,NA,NA
702,"Alectoris_graeca","A","other","0",0,NA,NA
703,"Alectoris_rufa","A","other","0",0,NA,NA
704,"Alopochen_aegyptiacus","A","other","0",0,NA,NA
705,"Branta_canadensis","A","other","0",0,NA,NA
706,"Cardinalis_cardinalis","A","other","0",0,NA,NA
707,"Carduelis_spinus","A","other","0",0,NA,NA
708,"Coccothraustes_coccothraustes","A","other","0",0,NA,NA
709,"Corvus_splendens","A","other","0",0,NA,NA
710,"Emberiza_citrinella","A","other","0",0,NA,NA
711,"Emberiza_hortulana","A","other","0",0,NA,NA
712,"Erithacus_rubecula","A","other","0",0,NA,NA
713,"Fringilla_coelebs","A","other","0",0,NA,NA
714,"Fringilla_montifringilla","A","other","0",0,NA,NA
715,"Gallus_gallus","A","other","0",0,NA,NA
716,"Hylocichla_guttata","A","other","0",0,NA,NA
717,"Leiothrix_lutea","A","other","0",0,NA,NA
718,"Lophophorus_impejanus","A","other","0",0,NA,NA
719,"Lophura_ignita","A","other","0",0,NA,NA
720,"Numida_meleagris","A","other","0",0,NA,NA
721,"Padda_oryzivora","A","other","0",0,NA,NA
722,"Pavo_cristatus","A","other","0",0,NA,NA
723,"Perdix_perdix","A","other","0",0,NA,NA
724,"Plectropterus_gambensis","A","other","0",0,NA,NA
725,"Pterocles_exustus","A","other","0",0,NA,NA
726,"Pycnonotus_cafer","A","other","0",0,NA,NA
727,"Pyrrhula_pyrrhula","A","other","0",0,NA,NA
728,"Serinus_canarius","A","other","0",0,NA,NA
729,"Streptopelia_decaocto","A","other","0",0,NA,NA
730,"Streptopelia_turtur","A","other","0",0,NA,NA
731,"Acridotheres_tristis","H","other","1",0,1,NA
735,"Agapornis_roseicapillis","H","other","0",0,0,NA
736,"Alauda_arvensis","H","other","1",0,0.833333333,NA
737,"Alectoris_barbara","H","other","0",0,0,NA
738,"Alectoris_chukar","H","other","1",0,0.833333333,NA
739,"Amandava_amandava","H","other","1",0,1,NA
740,"Amazona_ochrocephala","H","other","0",0,0,NA
741,"Amazona_viridigenalis","H","other","0",0,0,NA
742,"Ammoperdix_griseogularis","H","other","0",0,0,NA
747,"Anas_discors","H","other","0",0,0,NA
750,"Anas_platyrhynchos_domestic","H","other","1",0,1,NA
755,"Ara_macao","H","other","0",0,0,NA
761,"Bambusicola_thoracica","H","other","0",0,0,NA
765,"Brotogeris_jugularis","H","other","0",0,0,NA
766,"Bubulcus_ibis","H","other","1",0,1,NA
770,"Cacatua_galerita","H","other","0",0,0,NA
771,"Cacatua_moluccensis","H","other","0",0,0,NA
777,"Callipepla_californica","H","other","1",0,0.833333333,NA
778,"Callipepla_douglasii","H","other","0",0,0,NA
779,"Callipepla_gambelii","H","other","1",0,0.4,NA
780,"Callipepla_squamata","H","other","0",0,0,NA
781,"Caloenas_nicobarica","H","other","0",0,0,NA
782,"Cardinalis_cardinalis","H","other","1",0,1,NA
783,"Carpodacus_mexicanus","H","other","1",0,1,NA
784,"Cettia_diphone","H","other","1",0,1,NA
786,"Chalcophaps_indica","H","other","0",0,0,NA
795,"Chrysolophus_amherstiae","H","other","0",0,0,NA
796,"Chrysolophus_pictus","H","other","0",0,0,NA
798,"Colinus_virginianus","H","other","0",0,0,NA
799,"Collocalia_vanikorensis","H","other","1",0,1,NA
800,"Columba_livia","H","other","1",0,1,NA
801,"Copsychus_malabaricus","H","other","1",0,1,NA
802,"Copsychus_saularis","H","other","1",0,0.5,NA
804,"Coturnix_chinensis","H","other","0",0,0,NA
805,"Coturnix_japonica","H","other","1",0,0.833333333,NA
806,"Coturnix_pectoralis","H","other","0",0,0,NA
807,"Crax_rubra","H","other","0",0,0,NA
809,"Cyanoptila_cyanomelana","H","other","0",0,0,NA
810,"Cygnus_olor","H","other","0",0,0,NA
811,"Cyrtonyx_montezumae","H","other","0",0,0,NA
816,"Eclectus_roratus","H","other","0",0,0,NA
818,"Eolophus_roseicapilla","H","other","0",0,0,NA
819,"Erithacus_akahige","H","other","0",0,0,NA
820,"Erithacus_komadori","H","other","0",0,0,NA
821,"Estrilda_astrild","H","other","1",0,1,NA
822,"Estrilda_caerulescens","H","other","1",0,1,NA
823,"Estrilda_melpoda","H","other","1",0,1,NA
824,"Estrilda_troglodytes","H","other","1",0,0.5,NA
827,"Francolinus_adsperus","H","other","0",0,0,NA
828,"Francolinus_clappertoni","H","other","0",0,0,NA
829,"Francolinus_erckelii","H","other","1",0,1,NA
830,"Francolinus_francolinus","H","other","1",0,1,NA
831,"Francolinus_icterorhynchus","H","other","0",0,0,NA
832,"Francolinus_leucosepus","H","other","0",0,0,NA
833,"Francolinus_pintadeanus","H","other","0",0,0,NA
834,"Francolinus_pondicerianus","H","other","1",0,1,NA
838,"Gallicolumba_luzonica","H","other","0",0,0,NA
841,"Gallus_gallus","H","other","1",0,0.333333333,NA
842,"Gallus_sonneratii","H","other","0",0,0,NA
843,"Garrulax_albogularis","H","other","0",0,0,NA
844,"Garrulax_caerulatus","H","other","1",0,1,NA
845,"Garrulax_canorus","H","other","1",0,1,NA
846,"Garrulax_chinensis","H","other","0",0,0,NA
847,"Garrulax_pectoralis","H","other","1",0,1,NA
848,"Geopelia_cuneata","H","other","0",0,0,NA
849,"Geopelia_humeralis","H","other","0",0,0,NA
850,"Geopelia_striata","H","other","1",0,1,NA
851,"Geophaps_lophotes","H","other","0",0,0,NA
852,"Geophaps_plumifera","H","other","0",0,0,NA
853,"Geophaps_smithii","H","other","0",0,0,NA
854,"Geotrygon_montana","H","other","0",0,0,NA
855,"Gracula_religiosa","H","other","1",0,1,NA
856,"Grallina_cyanoleuca","H","other","0",0,0,NA
876,"Lagonosticta_senegala","H","other","0",0,0,NA
881,"Larus_novaehollandiae","H","other","0",0,0,NA
883,"Leiothrix_lutea","H","other","1",0,1,NA
884,"Leptotila_verreauxi","H","other","0",0,0,NA
885,"Leucosarcia_melanoleuca","H","other","0",0,0,NA
890,"Lonchura_cantans","H","other","1",0,1,NA
891,"Lonchura_malacca","H","other","1",0,1,NA
892,"Lonchura_oryzivora","H","other","1",0,1,NA
893,"Lonchura_punctulata","H","other","1",0,1,NA
894,"Lophura_leucomelanos","H","other","1",0,1,NA
895,"Lophura_nycthemera","H","other","0",0,0,NA
902,"Melanocorypha_mongolica","H","other","0",0,0,NA
903,"Meleagris_gallopavo","H","other","1",0,0.666666667,NA
904,"Melopsittacus_undulatus","H","other","0",0,0,NA
905,"Mimus_polyglottos","H","other","1",0,1,NA
916,"Myiopsitta_monachus","H","other","0",0,0,NA
917,"Nandayus_nenday","H","other","0",0,0,NA
918,"Neochen_jubata","H","other","0",0,0,NA
919,"Nothoprocta_perdicaria","H","other","0",0,0,NA
921,"Numida_meleagris","H","other","0",0,0,NA
928,"Oreortyx_pictus","H","other","0",0,0,NA
929,"Ortalis_cinereiceps","H","other","0",0,0,NA
933,"Paroaria_capitata","H","other","1",0,1,NA
934,"Paroaria_coronata","H","other","1",0,1,NA
935,"Paroaria_dominicana","H","other","0",0,0,NA
940,"Parus_varius","H","other","0",0,0,NA
941,"Passer_domesticus","H","other","1",0,1,NA
942,"Passerina_ciris","H","other","0",0,0,NA
943,"Passerina_cyanea","H","other","0",0,0,NA
944,"Passerina_leclancherii","H","other","0",0,0,NA
945,"Pavo_cristatus","H","other","1",0,0.5,NA
946,"Penelope_purpurascens","H","other","0",0,0,NA
947,"Perdix_perdix","H","other","0",0,0,NA
950,"Phalacrocorax_carbo","H","other","0",0,0,NA
952,"Phaps_chalcoptera","H","other","0",0,0,NA
953,"Phasianus_colchicus","H","other","1",0,1,NA
958,"Phoenicopterus_ruber","H","other","0",0,0,NA
959,"Platycercus_adscitus","H","other","0",0,0,NA
963,"Porphyrio_porphyrio","H","other","0",0,0,NA
968,"Psittacula_krameri","H","other","1",0,1,NA
970,"Pterocles_exustus","H","other","1",0,0.333333333,NA
983,"Pycnonotus_cafer","H","other","1",0,1,NA
984,"Pycnonotus_jocosus","H","other","1",0,1,NA
985,"Rhipidura_leucophrys","H","other","0",0,0,NA
988,"Rollulus_rouloul","H","other","0",0,0,NA
990,"Serinus_leucopygius","H","other","0",0,0,NA
991,"Serinus_mozambicus","H","other","1",0,1,NA
992,"Sicalis_flaveola","H","other","1",0,1,NA
998,"Streptopelia_chinensis","H","other","1",0,1,NA
999,"Streptopelia_decaocto","H","other","0",0,0,NA
1000,"Sturnella_loyca","H","other","0",0,0,NA
1001,"Sturnella_neglecta","H","other","1",0,0.333333333,NA
1005,"Syrmaticus_reevesii","H","other","0",0,0,NA
1006,"Syrmaticus_soemmerringii","H","other","0",0,0,NA
1009,"Tiaris_olivacea","H","other","1",0,1,NA
1011,"Turnix_varia","H","other","0",0,0,NA
1012,"Tympanuchus_cupido","H","other","0",0,0,NA
1013,"Tympanuchus_phasianellus","H","other","0",0,0,NA
1014,"Tyto_alba","H","other","1",0,1,NA
1015,"Uraeginthus_angolensis","H","other","0",0,0,NA
1016,"Uraeginthus_bengalus","H","other","1",0,0.5,NA
1017,"Uraeginthus_cyanocephala","H","other","0",0,0,NA
1018,"Urocissa_erythrorhyncha","H","other","0",0,0,NA
1020,"Vidua_macroura","H","other","0",0,0,NA
1021,"Zenaida_asiatica","H","other","0",0,0,NA
1022,"Zenaida_macroura","H","other","1",0,1,NA
1023,"Zosterops_japonicus","H","other","1",0,1,NA
1024,"Amazona_viridigenalis","I","Oahu","0",0,NA,NA
1025,"Collocalia_vanikorensis","I","Oahu","1",0,NA,NA
1026,"Gracula_religiosa","I","Oahu","1",0,NA,NA
1027,"Lonchura_oryzivora","I","Oahu","1",0,NA,NA
1028,"Agapornis_roseicapillis","I","Oahu","0",0,NA,NA
1029,"Amazona_ochrocephala","I","Oahu","0",0,NA,NA
1030,"Ara_macao","I","Oahu","0",0,NA,NA
1031,"Brotogeris_jugularis","I","Oahu","0",0,NA,NA
1032,"Cacatua_galerita","I","Oahu","0",0,NA,NA
1033,"Cacatua_moluccensis","I","Oahu","0",0,NA,NA
1034,"Chalcophaps_indica","I","Oahu","0",0,NA,NA
1035,"Chrysolophus_amherstiae","I","Oahu","0",0,NA,NA
1036,"Chrysolophus_pictus","I","Oahu","0",0,NA,NA
1037,"Colinus_virginianus","I","Oahu","0",0,NA,NA
1038,"Copsychus_saularis","I","Oahu","0",0,NA,NA
1039,"Coturnix_chinensis","I","Oahu","0",0,NA,NA
1040,"Cyanoptila_cyanomelana","I","Oahu","0",0,NA,NA
1041,"Eclectus_roratus","I","Oahu","0",0,NA,NA
1042,"Eolophus_roseicapilla","I","Oahu","0",0,NA,NA
1043,"Erithacus_akahige","I","Oahu","0",0,NA,NA
1044,"Erithacus_komadori","I","Oahu","0",0,NA,NA
1045,"Geopelia_cuneata","I","Oahu","0",0,NA,NA
1046,"Geopelia_humeralis","I","Oahu","0",0,NA,NA
1047,"Geophaps_lophotes","I","Oahu","0",0,NA,NA
1048,"Grallina_cyanoleuca","I","Oahu","0",0,NA,NA
1049,"Lagonosticta_senegala","I","Oahu","0",0,NA,NA
1050,"Larus_novaehollandiae","I","Oahu","0",0,NA,NA
1051,"Lophura_nycthemera","I","Oahu","0",0,NA,NA
1052,"Melopsittacus_undulatus","I","Oahu","0",0,NA,NA
1053,"Myiopsitta_monachus","I","Oahu","0",0,NA,NA
1054,"Nandayus_nenday","I","Oahu","0",0,NA,NA
1055,"Neochen_jubata","I","Oahu","0",0,NA,NA
1056,"Numida_meleagris","I","Oahu","0",0,NA,NA
1057,"Paroaria_dominicana","I","Oahu","0",0,NA,NA
1058,"Passerina_cyanea","I","Oahu","0",0,NA,NA
1059,"Passerina_leclancherii","I","Oahu","0",0,NA,NA
1060,"Phaps_chalcoptera","I","Oahu","0",0,NA,NA
1061,"Porphyrio_porphyrio","I","Oahu","0",0,NA,NA
1062,"Rhipidura_leucophrys","I","Oahu","0",0,NA,NA
1063,"Rollulus_rouloul","I","Oahu","0",0,NA,NA
1064,"Serinus_leucopygius","I","Oahu","0",0,NA,NA
1065,"Streptopelia_decaocto","I","Oahu","0",0,NA,NA
1066,"Syrmaticus_reevesii","I","Oahu","0",0,NA,NA
1067,"Syrmaticus_soemmerringii","I","Oahu","0",0,NA,NA
1068,"Tympanuchus_cupido","I","Oahu","0",0,NA,NA
1069,"Uraeginthus_angolensis","I","Oahu","0",0,NA,NA
1070,"Uraeginthus_cyanocephala","I","Oahu","0",0,NA,NA
1071,"Urocissa_erythrorhyncha","I","Oahu","0",0,NA,NA
1072,"Vidua_macroura","I","Oahu","0",0,NA,NA
1074,"Acridotheres_tristis","I","Oahu","1",0,NA,NA
1075,"Amandava_amandava","I","Oahu","1",0,NA,NA
1076,"Cardinalis_cardinalis","I","Oahu","1",0,NA,NA
1077,"Carpodacus_mexicanus","I","Oahu","1",0,NA,NA
1078,"Cettia_diphone","I","Oahu","1",0,NA,NA
1079,"Columba_livia","I","Oahu","1",0,NA,NA
1080,"Copsychus_malabaricus","I","Oahu","1",0,NA,NA
1081,"Gallus_gallus","I","Oahu","1",0,NA,NA
1082,"Garrulax_caerulatus","I","Oahu","1",0,NA,NA
1083,"Garrulax_canorus","I","Oahu","1",0,NA,NA
1084,"Geopelia_striata","I","Oahu","1",0,NA,NA
1085,"Leiothrix_lutea","I","Oahu","1",0,NA,NA
1086,"Lonchura_malacca","I","Oahu","1",0,NA,NA
1087,"Lonchura_punctulata","I","Oahu","1",0,NA,NA
1088,"Mimus_polyglottos","I","Oahu","1",0,NA,NA
1089,"Paroaria_coronata","I","Oahu","1",0,NA,NA
1090,"Passer_domesticus","I","Oahu","1",0,NA,NA
1091,"Pavo_cristatus","I","Oahu","1",0,NA,NA
1092,"Phasianus_colchicus","I","Oahu","1",0,NA,NA
1093,"Streptopelia_chinensis","I","Oahu","1",0,NA,NA
1094,"Zosterops_japonicus","I","Oahu","1",0,NA,NA
1095,"Alectoris_chukar","I","Oahu","0",0,NA,NA
1096,"Callipepla_californica","I","Oahu","0",0,NA,NA
1097,"Callipepla_gambelii","I","Oahu","0",0,NA,NA
1098,"Coturnix_japonica","I","Oahu","0",0,NA,NA
1099,"Meleagris_gallopavo","I","Oahu","0",0,NA,NA
1100,"Sturnella_neglecta","I","Oahu","0",0,NA,NA
1102,"Alauda_arvensis","I","Oahu","1",0,NA,NA
1103,"Bubulcus_ibis","I","Oahu","1",0,NA,NA
1104,"Estrilda_astrild","I","Oahu","1",0,NA,NA
1105,"Estrilda_caerulescens","I","Oahu","1",0,NA,NA
1106,"Estrilda_melpoda","I","Oahu","1",0,NA,NA
1107,"Francolinus_erckelii","I","Oahu","1",0,NA,NA
1108,"Francolinus_pondicerianus","I","Oahu","1",0,NA,NA
1109,"Lonchura_cantans","I","Oahu","1",0,NA,NA
1110,"Psittacula_krameri","I","Oahu","1",0,NA,NA
1111,"Pycnonotus_cafer","I","Oahu","1",0,NA,NA
1112,"Pycnonotus_jocosus","I","Oahu","1",0,NA,NA
1113,"Serinus_mozambicus","I","Oahu","1",0,NA,NA
1114,"Sicalis_flaveola","I","Oahu","1",0,NA,NA
1115,"Tiaris_olivacea","I","Oahu","1",0,NA,NA
1116,"Tyto_alba","I","Oahu","1",0,NA,NA
1117,"Estrilda_troglodytes","I","Oahu","0",0,NA,NA
1118,"Uraeginthus_bengalus","I","Oahu","0",0,NA,NA
1121,"Parus_varius","I","Oahu","0",0,NA,NA
1165,"Anas_discors","I","Oahu","0",0,NA,NA
1209,"Copsychus_saularis","I","Kauai","1",0,NA,NA
1210,"Lonchura_oryzivora","I","Kauai","1",0,NA,NA
1211,"Caloenas_nicobarica","I","Kauai","0",0,NA,NA
1212,"Chrysolophus_pictus","I","Kauai","0",0,NA,NA
1213,"Colinus_virginianus","I","Kauai","0",0,NA,NA
1214,"Coturnix_chinensis","I","Kauai","0",0,NA,NA
1215,"Gallicolumba_luzonica","I","Kauai","0",0,NA,NA
1216,"Garrulax_albogularis","I","Kauai","0",0,NA,NA
1217,"Garrulax_chinensis","I","Kauai","0",0,NA,NA
1218,"Geopelia_humeralis","I","Kauai","0",0,NA,NA
1219,"Lophura_nycthemera","I","Kauai","0",0,NA,NA
1220,"Melanocorypha_mongolica","I","Kauai","0",0,NA,NA
1221,"Numida_meleagris","I","Kauai","0",0,NA,NA
1222,"Oreortyx_pictus","I","Kauai","0",0,NA,NA
1223,"Perdix_perdix","I","Kauai","0",0,NA,NA
1224,"Phoenicopterus_ruber","I","Kauai","0",0,NA,NA
1225,"Streptopelia_decaocto","I","Kauai","0",0,NA,NA
1226,"Sturnella_loyca","I","Kauai","0",0,NA,NA
1227,"Syrmaticus_reevesii","I","Kauai","0",0,NA,NA
1228,"Syrmaticus_soemmerringii","I","Kauai","0",0,NA,NA
1229,"Tympanuchus_cupido","I","Kauai","0",0,NA,NA
1231,"Acridotheres_tristis","I","Kauai","1",0,NA,NA
1232,"Alectoris_chukar","I","Kauai","1",0,NA,NA
1233,"Callipepla_californica","I","Kauai","1",0,NA,NA
1234,"Cardinalis_cardinalis","I","Kauai","1",0,NA,NA
1235,"Carpodacus_mexicanus","I","Kauai","1",0,NA,NA
1236,"Cettia_diphone","I","Kauai","1",0,NA,NA
1237,"Columba_livia","I","Kauai","1",0,NA,NA
1238,"Copsychus_malabaricus","I","Kauai","1",0,NA,NA
1239,"Coturnix_japonica","I","Kauai","1",0,NA,NA
1240,"Gallus_gallus","I","Kauai","1",0,NA,NA
1241,"Garrulax_canorus","I","Kauai","1",0,NA,NA
1242,"Garrulax_pectoralis","I","Kauai","1",0,NA,NA
1243,"Geopelia_striata","I","Kauai","1",0,NA,NA
1244,"Leiothrix_lutea","I","Kauai","1",0,NA,NA
1245,"Lonchura_malacca","I","Kauai","1",0,NA,NA
1246,"Lonchura_punctulata","I","Kauai","1",0,NA,NA
1247,"Mimus_polyglottos","I","Kauai","1",0,NA,NA
1248,"Paroaria_coronata","I","Kauai","1",0,NA,NA
1249,"Passer_domesticus","I","Kauai","1",0,NA,NA
1250,"Phasianus_colchicus","I","Kauai","1",0,NA,NA
1251,"Streptopelia_chinensis","I","Kauai","1",0,NA,NA
1252,"Sturnella_neglecta","I","Kauai","1",0,NA,NA
1253,"Zosterops_japonicus","I","Kauai","1",0,NA,NA
1254,"Callipepla_gambelii","I","Kauai","0",0,NA,NA
1255,"Meleagris_gallopavo","I","Kauai","0",0,NA,NA
1256,"Pavo_cristatus","I","Kauai","0",0,NA,NA
1258,"Alauda_arvensis","I","Kauai","0",0,NA,NA
1259,"Bubulcus_ibis","I","Kauai","1",0,NA,NA
1260,"Francolinus_erckelii","I","Kauai","1",0,NA,NA
1261,"Francolinus_francolinus","I","Kauai","1",0,NA,NA
1262,"Francolinus_pondicerianus","I","Kauai","1",0,NA,NA
1263,"Lonchura_cantans","I","Kauai","1",0,NA,NA
1264,"Psittacula_krameri","I","Kauai","1",0,NA,NA
1265,"Tyto_alba","I","Kauai","1",0,NA,NA
1266,"Pterocles_exustus","I","Kauai","0",0,NA,NA
1268,"Parus_varius","I","Kauai","0",0,NA,NA
1329,"Alectoris_barbara","I","Maui","0",0,NA,NA
1330,"Bambusicola_thoracica","I","Maui","0",0,NA,NA
1331,"Caloenas_nicobarica","I","Maui","0",0,NA,NA
1332,"Colinus_virginianus","I","Maui","0",0,NA,NA
1333,"Coturnix_chinensis","I","Maui","0",0,NA,NA
1334,"Coturnix_pectoralis","I","Maui","0",0,NA,NA
1335,"Geopelia_cuneata","I","Maui","0",0,NA,NA
1336,"Geopelia_humeralis","I","Maui","0",0,NA,NA
1337,"Geophaps_plumifera","I","Maui","0",0,NA,NA
1338,"Geophaps_smithii","I","Maui","0",0,NA,NA
1339,"Geotrygon_montana","I","Maui","0",0,NA,NA
1340,"Leptotila_verreauxi","I","Maui","0",0,NA,NA
1341,"Leucosarcia_melanoleuca","I","Maui","0",0,NA,NA
1342,"Lonchura_oryzivora","I","Maui","1",0,NA,NA
1343,"Numida_meleagris","I","Maui","0",0,NA,NA
1344,"Passerina_leclancherii","I","Maui","0",0,NA,NA
1345,"Perdix_perdix","I","Maui","0",0,NA,NA
1346,"Platycercus_adscitus","I","Maui","0",0,NA,NA
1347,"Syrmaticus_reevesii","I","Maui","0",0,NA,NA
1348,"Syrmaticus_soemmerringii","I","Maui","0",0,NA,NA
1349,"Turnix_varia","I","Maui","0",0,NA,NA
1350,"Acridotheres_tristis","I","Maui","1",0,NA,NA
1351,"Alectoris_chukar","I","Maui","1",0,NA,NA
1352,"Amandava_amandava","I","Maui","1",0,NA,NA
1353,"Callipepla_californica","I","Maui","1",0,NA,NA
1354,"Callipepla_gambelii","I","Maui","0",0,NA,NA
1355,"Cardinalis_cardinalis","I","Maui","1",0,NA,NA
1356,"Carpodacus_mexicanus","I","Maui","1",0,NA,NA
1357,"Cettia_diphone","I","Maui","1",0,NA,NA
1358,"Columba_livia","I","Maui","1",0,NA,NA
1359,"Coturnix_japonica","I","Maui","1",0,NA,NA
1360,"Gallus_gallus","I","Maui","0",0,NA,NA
1361,"Garrulax_canorus","I","Maui","1",0,NA,NA
1362,"Geopelia_striata","I","Maui","1",0,NA,NA
1363,"Leiothrix_lutea","I","Maui","1",0,NA,NA
1364,"Lonchura_punctulata","I","Maui","1",0,NA,NA
1365,"Meleagris_gallopavo","I","Maui","1",0,NA,NA
1366,"Mimus_polyglottos","I","Maui","1",0,NA,NA
1367,"Paroaria_coronata","I","Maui","1",0,NA,NA
1368,"Passer_domesticus","I","Maui","1",0,NA,NA
1369,"Pavo_cristatus","I","Maui","1",0,NA,NA
1370,"Phasianus_colchicus","I","Maui","1",0,NA,NA
1371,"Streptopelia_chinensis","I","Maui","1",0,NA,NA
1372,"Sturnella_neglecta","I","Maui","0",0,NA,NA
1373,"Zosterops_japonicus","I","Maui","1",0,NA,NA
1375,"Alauda_arvensis","I","Maui","1",0,NA,NA
1376,"Bubulcus_ibis","I","Maui","1",0,NA,NA
1377,"Estrilda_melpoda","I","Maui","1",0,NA,NA
1378,"Francolinus_erckelii","I","Maui","1",0,NA,NA
1379,"Francolinus_francolinus","I","Maui","1",0,NA,NA
1380,"Francolinus_pondicerianus","I","Maui","1",0,NA,NA
1381,"Lonchura_cantans","I","Maui","1",0,NA,NA
1382,"Tyto_alba","I","Maui","1",0,NA,NA
1383,"Parus_varius","I","Maui","0",0,NA,NA
1443,"Alectoris_barbara","I","Hawaii","0",0,NA,NA
1444,"Ammoperdix_griseogularis","I","Hawaii","0",0,NA,NA
1445,"Anas_platyrhynchos_domestic","I","Hawaii","1",0,NA,NA
1446,"Bambusicola_thoracica","I","Hawaii","0",0,NA,NA
1447,"Callipepla_douglasii","I","Hawaii","0",0,NA,NA
1448,"Callipepla_squamata","I","Hawaii","0",0,NA,NA
1449,"Colinus_virginianus","I","Hawaii","0",0,NA,NA
1450,"Coturnix_chinensis","I","Hawaii","0",0,NA,NA
1451,"Crax_rubra","I","Hawaii","0",0,NA,NA
1452,"Cyanoptila_cyanomelana","I","Hawaii","0",0,NA,NA
1453,"Cygnus_olor","I","Hawaii","0",0,NA,NA
1454,"Cyrtonyx_montezumae","I","Hawaii","0",0,NA,NA
1456,"Francolinus_adsperus","I","Hawaii","0",0,NA,NA
1457,"Francolinus_clappertoni","I","Hawaii","0",0,NA,NA
1458,"Francolinus_icterorhynchus","I","Hawaii","0",0,NA,NA
1459,"Francolinus_leucosepus","I","Hawaii","0",0,NA,NA
1460,"Francolinus_pintadeanus","I","Hawaii","0",0,NA,NA
1461,"Gallus_sonneratii","I","Hawaii","0",0,NA,NA
1462,"Geophaps_lophotes","I","Hawaii","0",0,NA,NA
1463,"Grallina_cyanoleuca","I","Hawaii","0",0,NA,NA
1464,"Lonchura_oryzivora","I","Hawaii","1",0,NA,NA
1465,"Nandayus_nenday","I","Hawaii","U",0,NA,NA
1466,"Nothoprocta_perdicaria","I","Hawaii","0",0,NA,NA
1467,"Numida_meleagris","I","Hawaii","0",0,NA,NA
1468,"Oreortyx_pictus","I","Hawaii","0",0,NA,NA
1469,"Ortalis_cinereiceps","I","Hawaii","0",0,NA,NA
1470,"Passerina_ciris","I","Hawaii","0",0,NA,NA
1471,"Passerina_cyanea","I","Hawaii","0",0,NA,NA
1472,"Penelope_purpurascens","I","Hawaii","0",0,NA,NA
1473,"Perdix_perdix","I","Hawaii","0",0,NA,NA
1474,"Porphyrio_porphyrio","I","Hawaii","0",0,NA,NA
1475,"Streptopelia_decaocto","I","Hawaii","0",0,NA,NA
1476,"Syrmaticus_reevesii","I","Hawaii","0",0,NA,NA
1477,"Tympanuchus_phasianellus","I","Hawaii","0",0,NA,NA
1478,"Zenaida_asiatica","I","Hawaii","0",0,NA,NA
1479,"Acridotheres_tristis","I","Hawaii","1",0,NA,NA
1480,"Alectoris_chukar","I","Hawaii","1",0,NA,NA
1481,"Amandava_amandava","I","Hawaii","1",0,NA,NA
1482,"Callipepla_californica","I","Hawaii","1",0,NA,NA
1483,"Callipepla_gambelii","I","Hawaii","1",0,NA,NA
1484,"Cardinalis_cardinalis","I","Hawaii","1",0,NA,NA
1485,"Carpodacus_mexicanus","I","Hawaii","1",0,NA,NA
1486,"Columba_livia","I","Hawaii","1",0,NA,NA
1487,"Coturnix_japonica","I","Hawaii","1",0,NA,NA
1488,"Gallus_gallus","I","Hawaii","0",0,NA,NA
1489,"Garrulax_canorus","I","Hawaii","1",0,NA,NA
1490,"Geopelia_striata","I","Hawaii","1",0,NA,NA
1491,"Leiothrix_lutea","I","Hawaii","1",0,NA,NA
1492,"Lonchura_punctulata","I","Hawaii","1",0,NA,NA
1493,"Meleagris_gallopavo","I","Hawaii","1",0,NA,NA
1494,"Mimus_polyglottos","I","Hawaii","1",0,NA,NA
1495,"Paroaria_capitata","I","Hawaii","1",0,NA,NA
1496,"Paroaria_coronata","I","Hawaii","1",0,NA,NA
1497,"Passer_domesticus","I","Hawaii","1",0,NA,NA
1498,"Pavo_cristatus","I","Hawaii","1",0,NA,NA
1499,"Phasianus_colchicus","I","Hawaii","1",0,NA,NA
1500,"Streptopelia_chinensis","I","Hawaii","1",0,NA,NA
1501,"Zosterops_japonicus","I","Hawaii","1",0,NA,NA
1503,"Alauda_arvensis","I","Hawaii","1",0,NA,NA
1504,"Bubulcus_ibis","I","Hawaii","1",0,NA,NA
1505,"Estrilda_caerulescens","I","Hawaii","1",0,NA,NA
1506,"Estrilda_troglodytes","I","Hawaii","1",0,NA,NA
1507,"Francolinus_erckelii","I","Hawaii","1",0,NA,NA
1508,"Francolinus_francolinus","I","Hawaii","1",0,NA,NA
1509,"Francolinus_pondicerianus","I","Hawaii","1",0,NA,NA
1510,"Lonchura_cantans","I","Hawaii","1",0,NA,NA
1511,"Lophura_leucomelanos","I","Hawaii","1",0,NA,NA
1513,"Psittacula_krameri","I","Hawaii","1",0,NA,NA
1514,"Pterocles_exustus","I","Hawaii","1",0,NA,NA
1515,"Serinus_mozambicus","I","Hawaii","1",0,NA,NA
1516,"Sicalis_flaveola","I","Hawaii","1",0,NA,NA
1517,"Tyto_alba","I","Hawaii","1",0,NA,NA
1518,"Uraeginthus_bengalus","I","Hawaii","1",0,NA,NA
1519,"Zenaida_macroura","I","Hawaii","1",0,NA,NA
1520,"Parus_varius","I","Hawaii","0",0,NA,NA
1596,"Alectoris_barbara","I","Molokai","0",0,NA,NA
1597,"Colinus_virginianus","I","Molokai","0",0,NA,NA
1598,"Coturnix_chinensis","I","Molokai","0",0,NA,NA
1599,"Geophaps_lophotes","I","Molokai","0",0,NA,NA
1600,"Numida_meleagris","I","Molokai","0",0,NA,NA
1601,"Syrmaticus_reevesii","I","Molokai","0",0,NA,NA
1602,"Turnix_varia","I","Molokai","0",0,NA,NA
1603,"Acridotheres_tristis","I","Molokai","1",0,NA,NA
1604,"Alectoris_chukar","I","Molokai","1",0,NA,NA
1605,"Callipepla_californica","I","Molokai","1",0,NA,NA
1606,"Cardinalis_cardinalis","I","Molokai","1",0,NA,NA
1607,"Carpodacus_mexicanus","I","Molokai","1",0,NA,NA
1608,"Cettia_diphone","I","Molokai","1",0,NA,NA
1609,"Columba_livia","I","Molokai","1",0,NA,NA
1610,"Coturnix_japonica","I","Molokai","1",0,NA,NA
1611,"Gallus_gallus","I","Molokai","0",0,NA,NA
1612,"Garrulax_canorus","I","Molokai","1",0,NA,NA
1613,"Geopelia_striata","I","Molokai","1",0,NA,NA
1614,"Leiothrix_lutea","I","Molokai","1",0,NA,NA
1615,"Lonchura_punctulata","I","Molokai","1",0,NA,NA
1616,"Meleagris_gallopavo","I","Molokai","1",0,NA,NA
1617,"Mimus_polyglottos","I","Molokai","1",0,NA,NA
1618,"Paroaria_coronata","I","Molokai","1",0,NA,NA
1619,"Passer_domesticus","I","Molokai","1",0,NA,NA
1620,"Pavo_cristatus","I","Molokai","0",0,NA,NA
1621,"Phasianus_colchicus","I","Molokai","1",0,NA,NA
1622,"Streptopelia_chinensis","I","Molokai","1",0,NA,NA
1623,"Zosterops_japonicus","I","Molokai","1",0,NA,NA
1625,"Alauda_arvensis","I","Molokai","1",0,NA,NA
1626,"Bubulcus_ibis","I","Molokai","1",0,NA,NA
1627,"Francolinus_erckelii","I","Molokai","1",0,NA,NA
1628,"Francolinus_francolinus","I","Molokai","1",0,NA,NA
1629,"Francolinus_pondicerianus","I","Molokai","1",0,NA,NA
1630,"Lonchura_cantans","I","Molokai","1",0,NA,NA
1631,"Pterocles_exustus","I","Molokai","0",0,NA,NA
1632,"Tyto_alba","I","Molokai","1",0,NA,NA
1674,"Alectoris_barbara","I","Lanai","0",0,NA,NA
1675,"Colinus_virginianus","I","Lanai","0",0,NA,NA
1676,"Coturnix_pectoralis","I","Lanai","0",0,NA,NA
1677,"Geophaps_lophotes","I","Lanai","0",0,NA,NA
1678,"Geophaps_plumifera","I","Lanai","0",0,NA,NA
1679,"Geophaps_smithii","I","Lanai","0",0,NA,NA
1680,"Leucosarcia_melanoleuca","I","Lanai","0",0,NA,NA
1681,"Numida_meleagris","I","Lanai","0",0,NA,NA
1682,"Phalacrocorax_carbo","I","Lanai","0",0,NA,NA
1683,"Syrmaticus_reevesii","I","Lanai","0",0,NA,NA
1684,"Acridotheres_tristis","I","Lanai","1",0,NA,NA
1685,"Alectoris_chukar","I","Lanai","1",0,NA,NA
1686,"Callipepla_californica","I","Lanai","1",0,NA,NA
1687,"Callipepla_gambelii","I","Lanai","1",0,NA,NA
1688,"Cardinalis_cardinalis","I","Lanai","1",0,NA,NA
1689,"Carpodacus_mexicanus","I","Lanai","1",0,NA,NA
1690,"Cettia_diphone","I","Lanai","1",0,NA,NA
1691,"Columba_livia","I","Lanai","1",0,NA,NA
1692,"Coturnix_japonica","I","Lanai","1",0,NA,NA
1693,"Gallus_gallus","I","Lanai","0",0,NA,NA
1694,"Geopelia_striata","I","Lanai","1",0,NA,NA
1695,"Lonchura_punctulata","I","Lanai","1",0,NA,NA
1696,"Meleagris_gallopavo","I","Lanai","1",0,NA,NA
1697,"Mimus_polyglottos","I","Lanai","1",0,NA,NA
1698,"Paroaria_coronata","I","Lanai","1",0,NA,NA
1699,"Passer_domesticus","I","Lanai","1",0,NA,NA
1700,"Pavo_cristatus","I","Lanai","0",0,NA,NA
1701,"Phasianus_colchicus","I","Lanai","1",0,NA,NA
1702,"Streptopelia_chinensis","I","Lanai","1",0,NA,NA
1703,"Zosterops_japonicus","I","Lanai","1",0,NA,NA
1705,"Alauda_arvensis","I","Lanai","1",0,NA,NA
1706,"Bubulcus_ibis","I","Lanai","1",0,NA,NA
1707,"Francolinus_erckelii","I","Lanai","1",0,NA,NA
1708,"Francolinus_pondicerianus","I","Lanai","1",0,NA,NA
1709,"Lonchura_cantans","I","Lanai","1",0,NA,NA
1744,"Acanthis_cannabina","N","other","0",0,NA,NA
1745,"Acanthis_flammea","N","other","1",0,NA,NA
1746,"Acanthis_flavirostris","N","other","0",0,NA,NA
1748,"Acridotheres_tristis","N","other","1",0,NA,NA
1749,"Aix_sponsa","N","other","0",0,NA,NA
1750,"Alauda_arvensis","N","other","1",0,NA,NA
1751,"Alectoris_barbara","N","other","0",0,NA,NA
1753,"Alectoris_graeca","N","other","1",0,NA,NA
1754,"Alectoris_rufa","N","other","0",0,NA,NA
1755,"Alopochen_aegyptiacus","N","other","0",0,NA,NA
1762,"Anas_penelope","N","other","0",0,NA,NA
1763,"Anas_platyrhynchos","N","other","1",0,NA,NA
1769,"Anser_anser","N","other","0",0,NA,NA
1770,"Anser_caerulescens","N","other","0",0,NA,NA
1785,"Athene_noctua","N","other","1",0,NA,NA
1787,"Aythya_ferina","N","other","0",0,NA,NA
1788,"Aythya_fuligula","N","other","0",0,NA,NA
1794,"Branta_canadensis","N","other","1",0,NA,NA
1797,"Cacatua_galerita","N","other","1",0,NA,NA
1799,"Cairina_moschata","N","other","0",0,NA,NA
1816,"Carduelis_carduelis","N","other","1",0,NA,NA
1817,"Carduelis_chloris","N","other","1",0,NA,NA
1819,"Carduelis_spinus","N","other","0",0,NA,NA
1840,"Colinus_virginianus","N","other","1",0,NA,NA
1841,"Columba_livia","N","other","1",0,NA,NA
1843,"Corvus_frugilegus","N","other","1",0,NA,NA
1844,"Coturnix_australis","N","other","1",0,NA,NA
1845,"Coturnix_coturnix","N","other","0",0,NA,NA
1846,"Coturnix_pectoralis","N","other","0",0,NA,NA
1847,"Coturnix_ypsilophorus","N","other","0",0,NA,NA
1853,"Cygnus_atratus","N","other","1",0,NA,NA
1854,"Cygnus_olor","N","other","1",0,NA,NA
1855,"Dacelo_novaeguineae","N","other","1",0,NA,NA
1867,"Dromaius_novaehollandiae","N","other","0",0,NA,NA
1872,"Emberiza_cirlus","N","other","1",0,NA,NA
1873,"Emberiza_citrinella","N","other","1",0,NA,NA
1874,"Emberiza_hortulana","N","other","0",0,NA,NA
1875,"Emblema_guttata","N","other","0",0,NA,NA
1876,"Erithacus_rubecula","N","other","0",0,NA,NA
1894,"Fringilla_coelebs","N","other","1",0,NA,NA
1895,"Fringilla_montifringilla","N","other","0",0,NA,NA
1902,"Gallus_gallus","N","other","0",0,NA,NA
1907,"Grallina_cyanoleuca","N","other","0",0,NA,NA
1910,"Gymnorhina_tibicen","N","other","1",0,NA,NA
1939,"Leucosarcia_melanoleuca","N","other","0",0,NA,NA
1945,"Lonchura_castaneothorax","N","other","0",0,NA,NA
1946,"Lophortyx_californicus","N","other","1",0,NA,NA
1947,"Lophura_nycthemera","N","other","0",0,NA,NA
1952,"Malurus_cyaneus","N","other","0",0,NA,NA
1953,"Manorina_melanocephala","N","other","0",0,NA,NA
1955,"Meleagris_gallopavo","N","other","1",0,NA,NA
1974,"Numida_meleagris","N","other","0",0,NA,NA
1975,"Nycticorax_caledonicus","N","other","0",0,NA,NA
1979,"Ocyphaps_lophotes","N","other","0",0,NA,NA
1980,"Oena_capensis","N","other","0",0,NA,NA
1981,"Oreotyx_pictus","N","other","0",0,NA,NA
1991,"Passer_domesticus","N","other","1",0,NA,NA
1992,"Passer_montanus","N","other","0",0,NA,NA
1993,"Pavo_cristatus","N","other","1",0,NA,NA
1994,"Pedioecetes_phasianellus","N","other","0",0,NA,NA
1999,"Perdix_perdix","N","other","0",0,NA,NA
2012,"Phaps_chalcoptera","N","other","0",0,NA,NA
2013,"Phasianus_colchicus","N","other","1",0,NA,NA
2020,"Platycercus_elegans","N","other","1",0,NA,NA
2021,"Platycercus_eximius","N","other","1",0,NA,NA
2023,"Pluvialis_apricaria","N","other","0",0,NA,NA
2026,"Pluvialis_squatarola","N","other","0",0,NA,NA
2040,"Prunella_modularis","N","other","1",0,NA,NA
2042,"Pterocles_alchata","N","other","0",0,NA,NA
2069,"Pycnonotus_cafer","N","other","0",0,NA,NA
2073,"Pyrrhula_pyrrhula","N","other","0",0,NA,NA
2084,"Serinus_canarius","N","other","0",0,NA,NA
2101,"Streptopelia_bitorquata","N","other","0",0,NA,NA
2102,"Streptopelia_chinensis","N","other","1",0,NA,NA
2103,"Streptopelia_decaocto","N","other","1",0,NA,NA
2106,"Sturnus_vulgaris","N","other","1",0,NA,NA
2110,"Syrmaticus_reevesii","N","other","0",0,NA,NA
2114,"Tetrao_tetrix","N","other","0",0,NA,NA
2126,"Turdus_merula","N","other","1",0,NA,NA
2127,"Turdus_philomelos","N","other","1",0,NA,NA
2129,"Tympanuchus_cupido","N","other","0",0,NA,NA
2130,"Tyto_alba","N","other","0",0,NA,NA
2132,"Vanellus_vanellus","N","other","0",0,NA,NA
2135,"Zosterops_lateralis","N","other","1",0,NA,NA
2139,"Aceros_undulatus","F","other","0",0,NA,2
2140,"Acridotheres_cristatellus","F","other","0",0,NA,1
2141,"Acridotheres_fuscus","F","other","0",0,NA,1
2142,"Acridotheres_tristis","F","other","1",0,NA,3
2147,"Agapornis_fischeri","F","other","0",0,NA,2
2148,"Agapornis_personatus","F","other","0",0,NA,2
2149,"Agapornis_roseicollis","F","other","0",0,NA,2
2153,"Aix_galericulata","F","other","0",0,NA,1
2156,"Alectoris_chukar","F","other","0",0,NA,2
2158,"Alopochen_aegypticus","F","other","1",0,NA,3
2159,"Amandava_amandava","F","other","0",0,NA,2
2161,"Amazona_aestiva","F","other","1",0,NA,3
2162,"Amazona_albifrons","F","other","1",0,NA,3
2163,"Amazona_amazonica","F","other","1",0,NA,3
2164,"Amazona_auropalliata","F","other","1",0,NA,3
2165,"Amazona_autumnalis","F","other","0",0,NA,1
2166,"Amazona_barbadensis","F","other","0",0,NA,2
2167,"Amazona_farinosa","F","other","0",0,NA,2
2168,"Amazona_festiva","F","other","0",0,NA,2
2169,"Amazona_finschi","F","other","0",0,NA,2
2170,"Amazona_ochrocephala","F","other","0",0,NA,1
2171,"Amazona_oratrix","F","other","0",0,NA,1
2172,"Amazona_pretrei","F","other","0",0,NA,2
2173,"Amazona_ventralis","F","other","0",0,NA,1
2174,"Amazona_viridigenalis","F","other","1",0,NA,3
2191,"Anas_hottentota","F","other","0",0,NA,2
2192,"Anas_luzonica","F","other","0",0,NA,2
2195,"Anas_poecilorhynchos","F","other","0",0,NA,2
2199,"Anodorhynchus_hyacinthinus","F","other","0",0,NA,2
2203,"Anser_anser","F","other","1",0,NA,3
2204,"Anser_cygnoides","F","other","1",0,NA,3
2205,"Anser_fabalis","F","other","0",0,NA,1
2206,"Anser_indica","F","other","0",0,NA,2
2212,"Ara_ararauna","F","other","1",0,NA,3
2213,"Ara_chloroptera","F","other","0",0,NA,2
2214,"Ara_macao","F","other","0",0,NA,2
2215,"Ara_militaris","F","other","0",0,NA,2
2216,"Ara_severa","F","other","1",0,NA,3
2217,"Aramides_cajanea","F","other","0",0,NA,1
2219,"Aratinga_acuticaudata","F","other","1",0,NA,3
2220,"Aratinga_aurea","F","other","0",0,NA,2
2221,"Aratinga_canicularis","F","other","0",0,NA,1
2222,"Aratinga_chloroptera","F","other","0",0,NA,2
2223,"Aratinga_erythrogenys","F","other","1",0,NA,3
2224,"Aratinga_finschi","F","other","0",0,NA,2
2225,"Aratinga_holochlora","F","other","1",0,NA,3
2226,"Aratinga_leucophthalmus","F","other","1",0,NA,3
2227,"Aratinga_mitrata","F","other","1",0,NA,3
2228,"Aratinga_pertinax","F","other","0",0,NA,1
2229,"Aratinga_rubritorquis","F","other","0",0,NA,2
2230,"Aratinga_solstitialis","F","other","0",0,NA,2
2231,"Aratinga_wagleri","F","other","0",0,NA,2
2232,"Aratinga_weddellii","F","other","1",0,NA,3
2247,"Balearica_pavonina","F","other","0",0,NA,2
2248,"Balearica_regulorum","F","other","0",0,NA,2
2251,"Bonasa_umbellus","F","other","0",0,NA,2
2257,"Brotogeris_chiriri","F","other","1",0,NA,3
2258,"Brotogeris_jugularis","F","other","0",0,NA,2
2259,"Brotogeris_sanctithomae","F","other","0",0,NA,2
2260,"Brotogeris_versicolurus","F","other","1",0,NA,3
2266,"Bucorvus_abyssinicus","F","other","0",0,NA,2
2275,"Buteogallus_anthracinus","F","other","0",0,NA,2
2276,"Buteogallus_urubitinga","F","other","1",0,NA,3
2278,"Cacatua_alba","F","other","0",0,NA,2
2279,"Cacatua_galerita","F","other","0",0,NA,1
2280,"Cacatua_goffini","F","other","0",0,NA,2
2281,"Cacatua_moluccensis","F","other","0",0,NA,2
2282,"Cairina_moschata","F","other","1",0,NA,3
2299,"Callipepla_squamata","F","other","0",0,NA,2
2301,"Callonetta_leucophrys","F","other","0",0,NA,2
2309,"Carduelis_carduelis","F","other","0",0,NA,2
2310,"Carduelis_chloris","F","other","0",0,NA,2
2311,"Carpodacus_mexicanus","F","other","1",0,NA,3
2319,"Ceratogymna_brevis","F","other","0",0,NA,2
2321,"Ceryle_torquata","F","other","0",0,NA,2
2336,"Chondrohierax_uncinatus","F","other","0",0,NA,2
2340,"Chrysolophus_pictus","F","other","0",0,NA,2
2341,"Chrysolophus_pictus_x_amherstiae","F","other","0",0,NA,2
2342,"Ciconia_abdimii","F","other","0",0,NA,2
2343,"Ciconia_ciconia","F","other","0",0,NA,2
2344,"Ciconia_episcopus","F","other","0",0,NA,2
2356,"Columba_livia","F","other","1",0,NA,3
2357,"Columbina_inca","F","other","0",0,NA,1
2365,"Corvus_albicollis","F","other","0",0,NA,2
2367,"Corvus_corax","F","other","0",0,NA,2
2369,"Corvus_splendens","F","other","1",0,NA,3
2370,"Coscoroba_coscoroba","F","other","0",0,NA,2
2374,"Cyanerpes_cyaneus","F","other","0",0,NA,2
2376,"Cyanocorax_caeruleus","F","other","0",0,NA,2
2377,"Cyanocorax_yncas","F","other","0",0,NA,2
2378,"Cyanoliseus_patagonus","F","other","0",0,NA,2
2379,"Cygnus_atratus","F","other","1",0,NA,3
2380,"Cygnus_buccinator","F","other","0",0,NA,2
2382,"Cygnus_cygnus","F","other","0",0,NA,2
2383,"Cygnus_olor","F","other","1",0,NA,3
2385,"Dendrocygna_arborea","F","other","0",0,NA,2
2388,"Dendrocygna_viduata","F","other","0",0,NA,2
2409,"Diopsittaca_nobilis","F","other","0",0,NA,2
2413,"Eclectus_roratus","F","other","0",0,NA,2
2428,"Eolophus_roseicappilus","F","other","0",0,NA,2
2429,"Eos_bornea","F","other","0",0,NA,1
2430,"Ephippiorhynchus_asiaticus","F","other","0",0,NA,2
2432,"Estrilda_melpoda","F","other","0",0,NA,2
2434,"Eudocimus_ruber","F","other","0",0,NA,1
2437,"Euplectes_afer","F","other","0",0,NA,2
2438,"Euplectes_ardens","F","other","0",0,NA,2
2439,"Euplectes_franciscanus","F","other","0",0,NA,2
2440,"Euplectes_orix","F","other","0",0,NA,2
2445,"Francolinus_francolinus","F","other","0",0,NA,1
2452,"Gallus_gallus","F","other","1",0,NA,3
2453,"Garrulax_pectoralis","F","other","0",0,NA,2
2458,"Geopelia_cuneata","F","other","0",0,NA,2
2462,"Geranospiza_caerulescens","F","other","0",0,NA,2
2463,"Gracula_religiosa","F","other","1",0,NA,3
2465,"Grus_antigone","F","other","0",0,NA,1
2468,"Gymnostinops_montezuma","F","other","0",0,NA,2
2479,"Hypsipetes_madagascariensis","F","other","0",0,NA,2
2484,"Icterus_icterus","F","other","0",0,NA,2
2485,"Icterus_pectoralis","F","other","1",0,NA,3
2488,"Irena_puella","F","other","0",0,NA,2
2492,"Lamprotornis_superbus","F","other","0",0,NA,2
2514,"Leiothrix_lutea","F","other","0",0,NA,2
2523,"Lonchura_atricapilla","F","other","1",0,NA,3
2524,"Lonchura_cantans","F","other","0",0,NA,2
2525,"Lonchura_cucullata","F","other","0",0,NA,2
2526,"Lonchura_maja","F","other","0",0,NA,2
2527,"Lonchura_malacca","F","other","0",0,NA,2
2528,"Lonchura_nana","F","other","0",0,NA,2
2529,"Lonchura_punctata","F","other","1",0,NA,3
2531,"Lorius_garrulus","F","other","0",0,NA,2
2533,"Loxigilla_violacea","F","other","0",0,NA,2
2534,"Luscinia_megarhynchos","F","other","0",0,NA,2
2543,"Melopsittacus_undulatus","F","other","1",0,NA,3
2544,"Melopyrrha_nigra","F","other","0",0,NA,2
2552,"Mino_dumontii","F","other","0",0,NA,2
2559,"Musophaga_violacea","F","other","0",0,NA,2
2567,"Myiopsitta_monachus","F","other","1",0,NA,3
2568,"Nandayus_nenday","F","other","1",0,NA,3
2569,"Neochen_jubata","F","other","0",0,NA,2
2570,"Netta_peposaca","F","other","0",0,NA,2
2571,"Netta_rufina","F","other","0",0,NA,2
2572,"Nettapus_coromandelianus","F","other","0",0,NA,2
2574,"Nothura_maculosa","F","other","0",0,NA,2
2577,"Numida_meleagris","F","other","0",0,NA,2
2580,"Nymphicus_hollandicus","F","other","0",0,NA,2
2595,"Padda_oryzivora","F","other","0",0,NA,1
2597,"Parabuteo_unicinctus","F","other","0",0,NA,2
2598,"Paroaria_coronata","F","other","0",0,NA,1
2599,"Paroaria_gularis","F","other","0",0,NA,1
2601,"Passer_domesticus","F","other","1",0,NA,3
2602,"Passer_luteus","F","other","0",0,NA,2
2612,"Pavo_cristatus","F","other","1",0,NA,3
2615,"Pelecanus_onocrotalus","F","other","0",0,NA,2
2616,"Pelecanus_rufescens","F","other","0",0,NA,2
2617,"Perdix_perdix","F","other","0",0,NA,2
2628,"Phasianus_colchicus","F","other","0",0,NA,1
2632,"Phoenicopterus_chilensis","F","other","0",0,NA,2
2634,"Pica_hudsonia","F","other","0",0,NA,2
2638,"Pionites_melanocephala","F","other","0",0,NA,2
2639,"Pionus_maximiliani","F","other","0",0,NA,2
2640,"Pionus_senilis","F","other","0",0,NA,2
2647,"Pitangus_sulphuratus","F","other","0",0,NA,2
2648,"Pitta_guajana","F","other","0",0,NA,2
2650,"Platalea_leucorodia","F","other","0",0,NA,2
2654,"Ploceus_cucullatus","F","other","0",0,NA,2
2655,"Ploceus_velatus","F","other","0",0,NA,2
2663,"Poicephalus_rueppellii","F","other","0",0,NA,1
2664,"Poicephalus_senegalus","F","other","0",0,NA,1
2667,"Porphyrio_cajanea","F","other","1",0,NA,3
2673,"Propyrrhura_auricollis","F","other","0",0,NA,2
2675,"Psephotus_haematonotus","F","other","0",0,NA,2
2676,"Pseudeos_fuscata","F","other","0",0,NA,2
2677,"Psittacula_alexandri","F","other","0",0,NA,2
2678,"Psittacula_columboides","F","other","0",0,NA,2
2679,"Psittacula_cyanocephala","F","other","0",0,NA,2
2680,"Psittacula_eupatria","F","other","0",0,NA,2
2681,"Psittacula_krameri","F","other","1",0,NA,3
2682,"Psittacula_roseata","F","other","0",0,NA,2
2683,"Psittacus_erithacus","F","other","0",0,NA,2
2690,"Pulsatrix_perspicillata","F","other","0",0,NA,2
2691,"Pycnonotus_jocosus","F","other","1",0,NA,3
2693,"Pyrrhura_frontalis","F","other","0",0,NA,2
2694,"Pyrrhura_molinae","F","other","0",0,NA,1
2700,"Ramphastos_citrolaemus","F","other","0",0,NA,2
2701,"Ramphastos_sulfuratus","F","other","0",0,NA,2
2702,"Ramphastos_toco","F","other","0",0,NA,2
2706,"Rhyncopsitta_terrisi","F","other","0",0,NA,2
2712,"Sarcoramphus_papa","F","other","0",0,NA,2
2723,"Serinus_mozambicus","F","other","0",0,NA,2
2727,"Sicalis_flaveola","F","other","0",0,NA,2
2753,"Streptopelia_chinensis","F","other","0",0,NA,2
2754,"Streptopelia_decaocto","F","other","1",0,NA,3
2755,"Streptopelia_risoria","F","other","1",0,NA,3
2761,"Sturnus_vulgaris","F","other","1",0,NA,3
2770,"Tadorna_ferruginea","F","other","0",0,NA,1
2771,"Tadorna_tadorna","F","other","0",0,NA,2
2772,"Taeniopygia_subflava","F","other","0",0,NA,2
2773,"Tauraco_corythaix","F","other","0",0,NA,2
2774,"Tauraco_schalowi","F","other","0",0,NA,2
2779,"Thraupis_episcopus","F","other","0",0,NA,1
2780,"Threskiornis_aethiopicus","F","other","0",0,NA,2
2784,"Tiaris_canorus","F","other","0",0,NA,1
2786,"Tockus_nasutus","F","other","0",0,NA,2
2789,"Trichoglossus_chlorolepidotus","F","other","0",0,NA,2
2790,"Trichoglossus_haematodus","F","other","0",0,NA,1
2791,"Trichoglossus_ornatus","F","other","0",0,NA,2
2801,"Turdus_plumbeus","F","other","0",0,NA,2
2811,"Uraeginthus_bengalus","F","other","0",0,NA,2
2813,"Vanellus_chilensis","F","other","0",0,NA,2
2821,"Vidua_macroura","F","other","0",0,NA,2
